Messstellennummer,Bezirk,Auspraegung,Grundwasserleiter,Datum,Parameterwert,Einheit,Ganglinie,Klassifikation,stammdaten_link
3,Reinickendorf,GW-Stand + GW-Güte 5,Hauptgrundwasserleiter (GWL 1.3 + 2),14.11.2022,12.2,°C,https://wasserportal.berlin.de/station.php?anzeige=g&thema=gwq&station=3&nstoffid=10,keine,https://wasserportal.berlin.de/station.php?anzeige=i&thema=gwq&station=3
145,Reinickendorf,GW-Stand + GW-Güte 5,Hauptgrundwasserleiter (GWL 1.3 + 2),27.09.2022,10.9,°C,https://wasserportal.berlin.de/station.php?anzeige=g&thema=gwq&station=145&nstoffid=10,keine,https://wasserportal.berlin.de/station.php?anzeige=i&thema=gwq&station=145
149,Mitte,GW-Stand + GW-Güte 5,Hauptgrundwasserleiter (GWL 1.3 + 2),06.12.2022,13.1,°C,https://wasserportal.berlin.de/station.php?anzeige=g&thema=gwq&station=149&nstoffid=10,keine,https://wasserportal.berlin.de/station.php?anzeige=i&thema=gwq&station=149
282,Mitte,GW-Stand + GW-Güte 5,Hauptgrundwasserleiter (GWL 1.3 + 2),10.11.2022,12.2,°C,https://wasserportal.berlin.de/station.php?anzeige=g&thema=gwq&station=282&nstoffid=10,keine,https://wasserportal.berlin.de/station.php?anzeige=i&thema=gwq&station=282
344,Spandau,GW-Stand + GW-Güte 5,Hauptgrundwasserleiter (GWL 1.3 + 2),28.09.2022,13,°C,https://wasserportal.berlin.de/station.php?anzeige=g&thema=gwq&station=344&nstoffid=10,keine,https://wasserportal.berlin.de/station.php?anzeige=i&thema=gwq&station=344
358,Reinickendorf,GW-Stand + GW-Güte 5,Hauptgrundwasserleiter (GWL 1.3 + 2),27.09.2022,12.3,°C,https://wasserportal.berlin.de/station.php?anzeige=g&thema=gwq&station=358&nstoffid=10,keine,https://wasserportal.berlin.de/station.php?anzeige=i&thema=gwq&station=358
499,Neukölln,GW-Stand + GW-Güte 5,Hauptgrundwasserleiter (GWL 1.3 + 2),04.10.2022,13,°C,https://wasserportal.berlin.de/station.php?anzeige=g&thema=gwq&station=499&nstoffid=10,keine,https://wasserportal.berlin.de/station.php?anzeige=i&thema=gwq&station=499
580,Friedrichshain-Kreuzberg,GW-Stand + GW-Güte 5,Hauptgrundwasserleiter (GWL 1.3 + 2),06.12.2022,13.1,°C,https://wasserportal.berlin.de/station.php?anzeige=g&thema=gwq&station=580&nstoffid=10,keine,https://wasserportal.berlin.de/station.php?anzeige=i&thema=gwq&station=580
604,Charlottenburg-Wilmersdorf,GW-Stand + GW-Güte 5,Hauptgrundwasserleiter (GWL 1.3 + 2),28.09.2022,15.6,°C,https://wasserportal.berlin.de/station.php?anzeige=g&thema=gwq&station=604&nstoffid=10,keine,https://wasserportal.berlin.de/station.php?anzeige=i&thema=gwq&station=604
645,Charlottenburg-Wilmersdorf,GW-Stand + GW-Güte 5,Hauptgrundwasserleiter (GWL 1.3 + 2),28.09.2022,11.8,°C,https://wasserportal.berlin.de/station.php?anzeige=g&thema=gwq&station=645&nstoffid=10,keine,https://wasserportal.berlin.de/station.php?anzeige=i&thema=gwq&station=645
762,Steglitz-Zehlendorf,GW-Stand + GW-Güte 5,Hauptgrundwasserleiter (GWL 1.3 + 2),29.11.2022,12.9,°C,https://wasserportal.berlin.de/station.php?anzeige=g&thema=gwq&station=762&nstoffid=10,keine,https://wasserportal.berlin.de/station.php?anzeige=i&thema=gwq&station=762
775,Steglitz-Zehlendorf,GW-Stand + GW-Güte 5,Hauptgrundwasserleiter (GWL 1.3 + 2),28.11.2022,11.6,°C,https://wasserportal.berlin.de/station.php?anzeige=g&thema=gwq&station=775&nstoffid=10,keine,https://wasserportal.berlin.de/station.php?anzeige=i&thema=gwq&station=775
1359,Charlottenburg-Wilmersdorf,GW-Stand + GW-Güte 5,Hauptgrundwasserleiter (GWL 1.3 + 2),28.09.2022,12.3,°C,https://wasserportal.berlin.de/station.php?anzeige=g&thema=gwq&station=1359&nstoffid=10,keine,https://wasserportal.berlin.de/station.php?anzeige=i&thema=gwq&station=1359
3215,Neukölln,"GW-Stand, tagesaktuell + GW-Güte 3",Hauptgrundwasserleiter (GWL 1.3 + 2),04.10.2022,14.6,°C,https://wasserportal.berlin.de/station.php?anzeige=g&thema=gwq&station=3215&nstoffid=10,keine,https://wasserportal.berlin.de/station.php?anzeige=i&thema=gwq&station=3215
3354,Treptow-Köpenick,"GW-Stand, tagesaktuell + GW-Güte 3",Hauptgrundwasserleiter (GWL 1.3 + 2),29.09.2022,9.9,°C,https://wasserportal.berlin.de/station.php?anzeige=g&thema=gwq&station=3354&nstoffid=10,keine,https://wasserportal.berlin.de/station.php?anzeige=i&thema=gwq&station=3354
4061,Spandau,"GW-Stand, tagesaktuell + GW-Güte 3",Hauptgrundwasserleiter (GWL 1.3 + 2),22.11.2022,11.2,°C,https://wasserportal.berlin.de/station.php?anzeige=g&thema=gwq&station=4061&nstoffid=10,keine,https://wasserportal.berlin.de/station.php?anzeige=i&thema=gwq&station=4061
4105,Spandau,GW-Stand + GW-Güte 5,Hauptgrundwasserleiter (GWL 1.3 + 2),22.11.2022,12.6,°C,https://wasserportal.berlin.de/station.php?anzeige=g&thema=gwq&station=4105&nstoffid=10,keine,https://wasserportal.berlin.de/station.php?anzeige=i&thema=gwq&station=4105
4233,Spandau,GW-Güte 1,Hauptgrundwasserleiter (GWL 1.3 + 2),13.10.2022,12.5,°C,https://wasserportal.berlin.de/station.php?anzeige=g&thema=gwq&station=4233&nstoffid=10,keine,https://wasserportal.berlin.de/station.php?anzeige=i&thema=gwq&station=4233
4304,Charlottenburg-Wilmersdorf,GW-Stand + GW-Güte 5,Hauptgrundwasserleiter (GWL 1.3 + 2),15.11.2022,12.2,°C,https://wasserportal.berlin.de/station.php?anzeige=g&thema=gwq&station=4304&nstoffid=10,keine,https://wasserportal.berlin.de/station.php?anzeige=i&thema=gwq&station=4304
4521,Spandau,GW-Stand + GW-Güte 5,Hauptgrundwasserleiter (GWL 1.3 + 2),22.11.2022,11.2,°C,https://wasserportal.berlin.de/station.php?anzeige=g&thema=gwq&station=4521&nstoffid=10,keine,https://wasserportal.berlin.de/station.php?anzeige=i&thema=gwq&station=4521
4611,Spandau,GW-Stand + GW-Güte 5,Elsterzeitl. GW-Leiter (GWL 3),28.09.2022,12.3,°C,https://wasserportal.berlin.de/station.php?anzeige=g&thema=gwq&station=4611&nstoffid=10,keine,https://wasserportal.berlin.de/station.php?anzeige=i&thema=gwq&station=4611
4612,Spandau,GW-Stand + GW-Güte 5,Hauptgrundwasserleiter (GWL 1.3 + 2),28.09.2022,12.8,°C,https://wasserportal.berlin.de/station.php?anzeige=g&thema=gwq&station=4612&nstoffid=10,keine,https://wasserportal.berlin.de/station.php?anzeige=i&thema=gwq&station=4612
4640,Spandau,GW-Stand + GW-Güte 5,Hauptgrundwasserleiter (GWL 1.3 + 2),13.10.2022,13.3,°C,https://wasserportal.berlin.de/station.php?anzeige=g&thema=gwq&station=4640&nstoffid=10,keine,https://wasserportal.berlin.de/station.php?anzeige=i&thema=gwq&station=4640
4727,Spandau,GW-Stand + GW-Güte 5,Elsterzeitl. GW-Leiter (GWL 3),03.11.2022,11.2,°C,https://wasserportal.berlin.de/station.php?anzeige=g&thema=gwq&station=4727&nstoffid=10,keine,https://wasserportal.berlin.de/station.php?anzeige=i&thema=gwq&station=4727
4846,Spandau,GW-Stand + GW-Güte 5,Hauptgrundwasserleiter (GWL 1.3 + 2),03.11.2022,10.7,°C,https://wasserportal.berlin.de/station.php?anzeige=g&thema=gwq&station=4846&nstoffid=10,keine,https://wasserportal.berlin.de/station.php?anzeige=i&thema=gwq&station=4846
4875,Spandau,GW-Stand + GW-Güte 5,Elsterzeitl. GW-Leiter (GWL 3),03.11.2022,11.3,°C,https://wasserportal.berlin.de/station.php?anzeige=g&thema=gwq&station=4875&nstoffid=10,keine,https://wasserportal.berlin.de/station.php?anzeige=i&thema=gwq&station=4875
5002,Lichtenberg,GW-Stand + GW-Güte 5,Hauptgrundwasserleiter (GWL 1.3 + 2),06.10.2022,12.2,°C,https://wasserportal.berlin.de/station.php?anzeige=g&thema=gwq&station=5002&nstoffid=10,keine,https://wasserportal.berlin.de/station.php?anzeige=i&thema=gwq&station=5002
5003,Pankow,GW-Güte 1,Weitere,06.10.2022,12,°C,https://wasserportal.berlin.de/station.php?anzeige=g&thema=gwq&station=5003&nstoffid=10,keine,https://wasserportal.berlin.de/station.php?anzeige=i&thema=gwq&station=5003
5005,Pankow,GW-Stand + GW-Güte 5,Hauptgrundwasserleiter (GWL 1.3 + 2),30.11.2022,12,°C,https://wasserportal.berlin.de/station.php?anzeige=g&thema=gwq&station=5005&nstoffid=10,keine,https://wasserportal.berlin.de/station.php?anzeige=i&thema=gwq&station=5005
5008,Lichtenberg,GW-Stand + GW-Güte 5,Hauptgrundwasserleiter (GWL 1.3 + 2),06.10.2022,12.5,°C,https://wasserportal.berlin.de/station.php?anzeige=g&thema=gwq&station=5008&nstoffid=10,keine,https://wasserportal.berlin.de/station.php?anzeige=i&thema=gwq&station=5008
5009,Pankow,GW-Stand + GW-Güte 5,Hauptgrundwasserleiter (GWL 1.3 + 2),10.11.2022,13.3,°C,https://wasserportal.berlin.de/station.php?anzeige=g&thema=gwq&station=5009&nstoffid=10,keine,https://wasserportal.berlin.de/station.php?anzeige=i&thema=gwq&station=5009
5010,Pankow,GW-Güte 1,Weitere,13.05.2019,14.3,°C,https://wasserportal.berlin.de/station.php?anzeige=g&thema=gwq&station=5010&nstoffid=10,keine,https://wasserportal.berlin.de/station.php?anzeige=i&thema=gwq&station=5010
5013,Pankow,GW-Stand + GW-Güte 5,Hauptgrundwasserleiter (GWL 1.3 + 2),10.11.2022,11.9,°C,https://wasserportal.berlin.de/station.php?anzeige=g&thema=gwq&station=5013&nstoffid=10,keine,https://wasserportal.berlin.de/station.php?anzeige=i&thema=gwq&station=5013
5020,Marzahn-Hellersdorf,"GW-Stand, tagesaktuell + GW-Güte 3",Hauptgrundwasserleiter (GWL 1.3 + 2),16.11.2022,10.1,°C,https://wasserportal.berlin.de/station.php?anzeige=g&thema=gwq&station=5020&nstoffid=10,keine,https://wasserportal.berlin.de/station.php?anzeige=i&thema=gwq&station=5020
5022,Pankow,GW-Stand + GW-Güte 5,Hauptgrundwasserleiter (GWL 1.3 + 2),06.10.2022,10.6,°C,https://wasserportal.berlin.de/station.php?anzeige=g&thema=gwq&station=5022&nstoffid=10,keine,https://wasserportal.berlin.de/station.php?anzeige=i&thema=gwq&station=5022
5025,Pankow,GW-Stand + GW-Güte 5,Elsterzeitl. GW-Leiter (GWL 3),23.11.2022,11.8,°C,https://wasserportal.berlin.de/station.php?anzeige=g&thema=gwq&station=5025&nstoffid=10,keine,https://wasserportal.berlin.de/station.php?anzeige=i&thema=gwq&station=5025
5026,Pankow,GW-Stand + GW-Güte 5,Panketalgrundwasserleiter (GWL 1.2),23.11.2022,13,°C,https://wasserportal.berlin.de/station.php?anzeige=g&thema=gwq&station=5026&nstoffid=10,keine,https://wasserportal.berlin.de/station.php?anzeige=i&thema=gwq&station=5026
5027,Pankow,GW-Stand + GW-Güte 5,Hauptgrundwasserleiter (GWL 1.3 + 2),10.11.2022,12.5,°C,https://wasserportal.berlin.de/station.php?anzeige=g&thema=gwq&station=5027&nstoffid=10,keine,https://wasserportal.berlin.de/station.php?anzeige=i&thema=gwq&station=5027
5032,Pankow,GW-Güte 1,Hauptgrundwasserleiter (GWL 1.3 + 2),06.10.2022,12,°C,https://wasserportal.berlin.de/station.php?anzeige=g&thema=gwq&station=5032&nstoffid=10,keine,https://wasserportal.berlin.de/station.php?anzeige=i&thema=gwq&station=5032
5036,Treptow-Köpenick,"GW-Stand, tagesaktuell + GW-Güte 3",Hauptgrundwasserleiter (GWL 1.3 + 2),10.10.2018,11.1,°C,https://wasserportal.berlin.de/station.php?anzeige=g&thema=gwq&station=5036&nstoffid=10,keine,https://wasserportal.berlin.de/station.php?anzeige=i&thema=gwq&station=5036
5039,Treptow-Köpenick,"GW-Stand, tagesaktuell + GW-Güte 3",Hauptgrundwasserleiter (GWL 1.3 + 2),21.11.2022,11.7,°C,https://wasserportal.berlin.de/station.php?anzeige=g&thema=gwq&station=5039&nstoffid=10,keine,https://wasserportal.berlin.de/station.php?anzeige=i&thema=gwq&station=5039
5040,Treptow-Köpenick,"GW-Stand, tagesaktuell + GW-Güte 3",Hauptgrundwasserleiter (GWL 1.3 + 2),21.11.2022,9.9,°C,https://wasserportal.berlin.de/station.php?anzeige=g&thema=gwq&station=5040&nstoffid=10,keine,https://wasserportal.berlin.de/station.php?anzeige=i&thema=gwq&station=5040
5042,Treptow-Köpenick,"GW-Stand, tagesaktuell + GW-Güte 3",Hauptgrundwasserleiter (GWL 1.3 + 2),21.11.2022,10.4,°C,https://wasserportal.berlin.de/station.php?anzeige=g&thema=gwq&station=5042&nstoffid=10,keine,https://wasserportal.berlin.de/station.php?anzeige=i&thema=gwq&station=5042
5044,Pankow,GW-Stand + GW-Güte 5,Hauptgrundwasserleiter (GWL 1.3 + 2),01.12.2022,11.6,°C,https://wasserportal.berlin.de/station.php?anzeige=g&thema=gwq&station=5044&nstoffid=10,keine,https://wasserportal.berlin.de/station.php?anzeige=i&thema=gwq&station=5044
5049,Treptow-Köpenick,"GW-Stand, tagesaktuell + GW-Güte 3",Hauptgrundwasserleiter (GWL 1.3 + 2),21.11.2022,10.8,°C,https://wasserportal.berlin.de/station.php?anzeige=g&thema=gwq&station=5049&nstoffid=10,keine,https://wasserportal.berlin.de/station.php?anzeige=i&thema=gwq&station=5049
5058,Pankow,GW-Stand + GW-Güte 5,Hauptgrundwasserleiter (GWL 1.3 + 2),11.10.2022,10.7,°C,https://wasserportal.berlin.de/station.php?anzeige=g&thema=gwq&station=5058&nstoffid=10,keine,https://wasserportal.berlin.de/station.php?anzeige=i&thema=gwq&station=5058
5060,Pankow,GW-Stand + GW-Güte 5,Tertiäre GW-Leiter (GWL 4),02.11.2022,10.4,°C,https://wasserportal.berlin.de/station.php?anzeige=g&thema=gwq&station=5060&nstoffid=10,keine,https://wasserportal.berlin.de/station.php?anzeige=i&thema=gwq&station=5060
5066,Marzahn-Hellersdorf,GW-Stand + GW-Güte 5,Hauptgrundwasserleiter (GWL 1.3 + 2),10.11.2022,11.9,°C,https://wasserportal.berlin.de/station.php?anzeige=g&thema=gwq&station=5066&nstoffid=10,keine,https://wasserportal.berlin.de/station.php?anzeige=i&thema=gwq&station=5066
5073,Marzahn-Hellersdorf,GW-Stand + GW-Güte 5,Hauptgrundwasserleiter (GWL 1.3 + 2),16.11.2022,11.9,°C,https://wasserportal.berlin.de/station.php?anzeige=g&thema=gwq&station=5073&nstoffid=10,keine,https://wasserportal.berlin.de/station.php?anzeige=i&thema=gwq&station=5073
5074,Marzahn-Hellersdorf,GW-Stand + GW-Güte 5,Hauptgrundwasserleiter (GWL 1.3 + 2),12.10.2022,10.9,°C,https://wasserportal.berlin.de/station.php?anzeige=g&thema=gwq&station=5074&nstoffid=10,keine,https://wasserportal.berlin.de/station.php?anzeige=i&thema=gwq&station=5074
5075,Marzahn-Hellersdorf,GW-Stand + GW-Güte 5,Hauptgrundwasserleiter (GWL 1.3 + 2),12.10.2022,10.3,°C,https://wasserportal.berlin.de/station.php?anzeige=g&thema=gwq&station=5075&nstoffid=10,keine,https://wasserportal.berlin.de/station.php?anzeige=i&thema=gwq&station=5075
5076,Marzahn-Hellersdorf,GW-Stand + GW-Güte 5,Hauptgrundwasserleiter (GWL 1.3 + 2),12.10.2022,10.4,°C,https://wasserportal.berlin.de/station.php?anzeige=g&thema=gwq&station=5076&nstoffid=10,keine,https://wasserportal.berlin.de/station.php?anzeige=i&thema=gwq&station=5076
5078,Marzahn-Hellersdorf,GW-Stand + GW-Güte 5,Hauptgrundwasserleiter (GWL 1.3 + 2),12.10.2022,11.3,°C,https://wasserportal.berlin.de/station.php?anzeige=g&thema=gwq&station=5078&nstoffid=10,keine,https://wasserportal.berlin.de/station.php?anzeige=i&thema=gwq&station=5078
5086,Pankow,GW-Stand + GW-Güte 5,Hauptgrundwasserleiter (GWL 1.3 + 2),02.11.2022,11.3,°C,https://wasserportal.berlin.de/station.php?anzeige=g&thema=gwq&station=5086&nstoffid=10,keine,https://wasserportal.berlin.de/station.php?anzeige=i&thema=gwq&station=5086
5090,Pankow,GW-Stand + GW-Güte 5,Elsterzeitl. GW-Leiter (GWL 3),01.12.2022,11.3,°C,https://wasserportal.berlin.de/station.php?anzeige=g&thema=gwq&station=5090&nstoffid=10,keine,https://wasserportal.berlin.de/station.php?anzeige=i&thema=gwq&station=5090
5095,Pankow,GW-Güte 1,Hauptgrundwasserleiter (GWL 1.3 + 2),23.11.2022,10.6,°C,https://wasserportal.berlin.de/station.php?anzeige=g&thema=gwq&station=5095&nstoffid=10,keine,https://wasserportal.berlin.de/station.php?anzeige=i&thema=gwq&station=5095
5097,Pankow,GW-Stand + GW-Güte 5,Tertiäre GW-Leiter (GWL 4),01.12.2022,11.1,°C,https://wasserportal.berlin.de/station.php?anzeige=g&thema=gwq&station=5097&nstoffid=10,keine,https://wasserportal.berlin.de/station.php?anzeige=i&thema=gwq&station=5097
5130,Treptow-Köpenick,GW-Güte 1,Hauptgrundwasserleiter (GWL 1.3 + 2),15.10.2018,11.9,°C,https://wasserportal.berlin.de/station.php?anzeige=g&thema=gwq&station=5130&nstoffid=10,keine,https://wasserportal.berlin.de/station.php?anzeige=i&thema=gwq&station=5130
5138,Mitte,GW-Stand + GW-Güte 5,Hauptgrundwasserleiter (GWL 1.3 + 2),30.11.2022,13.2,°C,https://wasserportal.berlin.de/station.php?anzeige=g&thema=gwq&station=5138&nstoffid=10,keine,https://wasserportal.berlin.de/station.php?anzeige=i&thema=gwq&station=5138
5140,Mitte,"GW-Stand, tagesaktuell + GW-Güte 3",Hauptgrundwasserleiter (GWL 1.3 + 2),06.12.2022,15.3,°C,https://wasserportal.berlin.de/station.php?anzeige=g&thema=gwq&station=5140&nstoffid=10,keine,https://wasserportal.berlin.de/station.php?anzeige=i&thema=gwq&station=5140
5150,Friedrichshain-Kreuzberg,GW-Stand + GW-Güte 5,Hauptgrundwasserleiter (GWL 1.3 + 2),30.11.2022,15.8,°C,https://wasserportal.berlin.de/station.php?anzeige=g&thema=gwq&station=5150&nstoffid=10,keine,https://wasserportal.berlin.de/station.php?anzeige=i&thema=gwq&station=5150
5155,Mitte,GW-Stand + GW-Güte 5,Hauptgrundwasserleiter (GWL 1.3 + 2),06.11.2018,16,°C,https://wasserportal.berlin.de/station.php?anzeige=g&thema=gwq&station=5155&nstoffid=10,keine,https://wasserportal.berlin.de/station.php?anzeige=i&thema=gwq&station=5155
5167,Friedrichshain-Kreuzberg,GW-Stand + GW-Güte 5,Hauptgrundwasserleiter (GWL 1.3 + 2),06.12.2022,12.1,°C,https://wasserportal.berlin.de/station.php?anzeige=g&thema=gwq&station=5167&nstoffid=10,keine,https://wasserportal.berlin.de/station.php?anzeige=i&thema=gwq&station=5167
5207,Lichtenberg,GW-Stand + GW-Güte 5,Hauptgrundwasserleiter (GWL 1.3 + 2),23.11.2022,12.4,°C,https://wasserportal.berlin.de/station.php?anzeige=g&thema=gwq&station=5207&nstoffid=10,keine,https://wasserportal.berlin.de/station.php?anzeige=i&thema=gwq&station=5207
5297,Pankow,GW-Stand + GW-Güte 5,Panketalgrundwasserleiter (GWL 1.2),23.11.2022,12.7,°C,https://wasserportal.berlin.de/station.php?anzeige=g&thema=gwq&station=5297&nstoffid=10,keine,https://wasserportal.berlin.de/station.php?anzeige=i&thema=gwq&station=5297
5306,Pankow,GW-Stand + GW-Güte 5,Panketalgrundwasserleiter (GWL 1.2),22.05.2018,12.1,°C,https://wasserportal.berlin.de/station.php?anzeige=g&thema=gwq&station=5306&nstoffid=10,keine,https://wasserportal.berlin.de/station.php?anzeige=i&thema=gwq&station=5306
5351,Pankow,GW-Stand + GW-Güte 5,Hauptgrundwasserleiter (GWL 1.3 + 2),02.11.2022,12.8,°C,https://wasserportal.berlin.de/station.php?anzeige=g&thema=gwq&station=5351&nstoffid=10,keine,https://wasserportal.berlin.de/station.php?anzeige=i&thema=gwq&station=5351
5355,Pankow,"GW-Stand, tagesaktuell + GW-Güte 3",Hauptgrundwasserleiter (GWL 1.3 + 2),23.11.2022,11,°C,https://wasserportal.berlin.de/station.php?anzeige=g&thema=gwq&station=5355&nstoffid=10,keine,https://wasserportal.berlin.de/station.php?anzeige=i&thema=gwq&station=5355
5366,Pankow,GW-Stand + GW-Güte 5,Panketalgrundwasserleiter (GWL 1.2),10.10.2022,13.3,°C,https://wasserportal.berlin.de/station.php?anzeige=g&thema=gwq&station=5366&nstoffid=10,keine,https://wasserportal.berlin.de/station.php?anzeige=i&thema=gwq&station=5366
5404,Pankow,GW-Stand + GW-Güte 5,Panketalgrundwasserleiter (GWL 1.2),11.10.2022,10.8,°C,https://wasserportal.berlin.de/station.php?anzeige=g&thema=gwq&station=5404&nstoffid=10,keine,https://wasserportal.berlin.de/station.php?anzeige=i&thema=gwq&station=5404
5999,Treptow-Köpenick,"GW-Stand, tagesaktuell + GW-Güte 3",Hauptgrundwasserleiter (GWL 1.3 + 2),29.09.2022,10.7,°C,https://wasserportal.berlin.de/station.php?anzeige=g&thema=gwq&station=5999&nstoffid=10,keine,https://wasserportal.berlin.de/station.php?anzeige=i&thema=gwq&station=5999
6010,Mitte,GW-Stand + GW-Güte 5,Hauptgrundwasserleiter (GWL 1.3 + 2),24.10.2022,14.7,°C,https://wasserportal.berlin.de/station.php?anzeige=g&thema=gwq&station=6010&nstoffid=10,keine,https://wasserportal.berlin.de/station.php?anzeige=i&thema=gwq&station=6010
6014,Mitte,GW-Stand + GW-Güte 5,Hauptgrundwasserleiter (GWL 1.3 + 2),24.10.2022,12.2,°C,https://wasserportal.berlin.de/station.php?anzeige=g&thema=gwq&station=6014&nstoffid=10,keine,https://wasserportal.berlin.de/station.php?anzeige=i&thema=gwq&station=6014
6016,Reinickendorf,GW-Stand + GW-Güte 5,Hauptgrundwasserleiter (GWL 1.3 + 2),15.11.2022,13.2,°C,https://wasserportal.berlin.de/station.php?anzeige=g&thema=gwq&station=6016&nstoffid=10,keine,https://wasserportal.berlin.de/station.php?anzeige=i&thema=gwq&station=6016
6017,Reinickendorf,GW-Stand + GW-Güte 5,Tertiäre GW-Leiter (GWL 4),15.11.2022,12,°C,https://wasserportal.berlin.de/station.php?anzeige=g&thema=gwq&station=6017&nstoffid=10,keine,https://wasserportal.berlin.de/station.php?anzeige=i&thema=gwq&station=6017
6020,Reinickendorf,GW-Stand + GW-Güte 5,Hauptgrundwasserleiter (GWL 1.3 + 2),15.11.2022,14.7,°C,https://wasserportal.berlin.de/station.php?anzeige=g&thema=gwq&station=6020&nstoffid=10,keine,https://wasserportal.berlin.de/station.php?anzeige=i&thema=gwq&station=6020
6023,Reinickendorf,GW-Stand + GW-Güte 5,Hauptgrundwasserleiter (GWL 1.3 + 2),24.10.2022,12.5,°C,https://wasserportal.berlin.de/station.php?anzeige=g&thema=gwq&station=6023&nstoffid=10,keine,https://wasserportal.berlin.de/station.php?anzeige=i&thema=gwq&station=6023
6026,Mitte,GW-Stand + GW-Güte 5,Tertiäre GW-Leiter (GWL 4),15.11.2022,11,°C,https://wasserportal.berlin.de/station.php?anzeige=g&thema=gwq&station=6026&nstoffid=10,keine,https://wasserportal.berlin.de/station.php?anzeige=i&thema=gwq&station=6026
6028,Reinickendorf,GW-Güte 1,Elsterzeitl. GW-Leiter (GWL 3),15.11.2022,12.9,°C,https://wasserportal.berlin.de/station.php?anzeige=g&thema=gwq&station=6028&nstoffid=10,keine,https://wasserportal.berlin.de/station.php?anzeige=i&thema=gwq&station=6028
6038,Reinickendorf,GW-Stand + GW-Güte 5,Hauptgrundwasserleiter (GWL 1.3 + 2),17.11.2022,13,°C,https://wasserportal.berlin.de/station.php?anzeige=g&thema=gwq&station=6038&nstoffid=10,keine,https://wasserportal.berlin.de/station.php?anzeige=i&thema=gwq&station=6038
6047,Reinickendorf,GW-Stand + GW-Güte 5,Hauptgrundwasserleiter (GWL 1.3 + 2),14.11.2022,12.2,°C,https://wasserportal.berlin.de/station.php?anzeige=g&thema=gwq&station=6047&nstoffid=10,keine,https://wasserportal.berlin.de/station.php?anzeige=i&thema=gwq&station=6047
6056,Reinickendorf,GW-Stand + GW-Güte 5,Hauptgrundwasserleiter (GWL 1.3 + 2),17.11.2022,13.4,°C,https://wasserportal.berlin.de/station.php?anzeige=g&thema=gwq&station=6056&nstoffid=10,keine,https://wasserportal.berlin.de/station.php?anzeige=i&thema=gwq&station=6056
6058,Reinickendorf,GW-Güte 1,Tertiäre GW-Leiter (GWL 4),17.11.2022,14.5,°C,https://wasserportal.berlin.de/station.php?anzeige=g&thema=gwq&station=6058&nstoffid=10,keine,https://wasserportal.berlin.de/station.php?anzeige=i&thema=gwq&station=6058
6063,Reinickendorf,GW-Stand + GW-Güte 5,Hauptgrundwasserleiter (GWL 1.3 + 2),27.09.2022,11.2,°C,https://wasserportal.berlin.de/station.php?anzeige=g&thema=gwq&station=6063&nstoffid=10,keine,https://wasserportal.berlin.de/station.php?anzeige=i&thema=gwq&station=6063
6066,Reinickendorf,GW-Stand + GW-Güte 5,Tertiäre GW-Leiter (GWL 4),19.11.2018,15.9,°C,https://wasserportal.berlin.de/station.php?anzeige=g&thema=gwq&station=6066&nstoffid=10,keine,https://wasserportal.berlin.de/station.php?anzeige=i&thema=gwq&station=6066
6067,Reinickendorf,GW-Stand + GW-Güte 5,Hauptgrundwasserleiter (GWL 1.3 + 2),17.11.2022,11,°C,https://wasserportal.berlin.de/station.php?anzeige=g&thema=gwq&station=6067&nstoffid=10,keine,https://wasserportal.berlin.de/station.php?anzeige=i&thema=gwq&station=6067
6069,Reinickendorf,GW-Stand + GW-Güte 5,Tertiäre GW-Leiter (GWL 4),17.11.2022,11.9,°C,https://wasserportal.berlin.de/station.php?anzeige=g&thema=gwq&station=6069&nstoffid=10,keine,https://wasserportal.berlin.de/station.php?anzeige=i&thema=gwq&station=6069
6075,Reinickendorf,GW-Stand + GW-Güte 5,Hauptgrundwasserleiter (GWL 1.3 + 2),17.06.2020,13.2,°C,https://wasserportal.berlin.de/station.php?anzeige=g&thema=gwq&station=6075&nstoffid=10,keine,https://wasserportal.berlin.de/station.php?anzeige=i&thema=gwq&station=6075
6080,Reinickendorf,GW-Stand + GW-Güte 5,Tertiäre GW-Leiter (GWL 4),27.09.2022,10.9,°C,https://wasserportal.berlin.de/station.php?anzeige=g&thema=gwq&station=6080&nstoffid=10,keine,https://wasserportal.berlin.de/station.php?anzeige=i&thema=gwq&station=6080
6081,Reinickendorf,GW-Güte 1,Tertiäre GW-Leiter (GWL 4),20.11.2018,12.4,°C,https://wasserportal.berlin.de/station.php?anzeige=g&thema=gwq&station=6081&nstoffid=10,keine,https://wasserportal.berlin.de/station.php?anzeige=i&thema=gwq&station=6081
6084,Reinickendorf,GW-Stand + GW-Güte 5,Tertiäre GW-Leiter (GWL 4),19.11.2018,15,°C,https://wasserportal.berlin.de/station.php?anzeige=g&thema=gwq&station=6084&nstoffid=10,keine,https://wasserportal.berlin.de/station.php?anzeige=i&thema=gwq&station=6084
6089,Reinickendorf,GW-Stand + GW-Güte 5,Hauptgrundwasserleiter (GWL 1.3 + 2),14.11.2022,10.1,°C,https://wasserportal.berlin.de/station.php?anzeige=g&thema=gwq&station=6089&nstoffid=10,keine,https://wasserportal.berlin.de/station.php?anzeige=i&thema=gwq&station=6089
6097,Reinickendorf,GW-Stand + GW-Güte 5,Hauptgrundwasserleiter (GWL 1.3 + 2),14.11.2022,11.9,°C,https://wasserportal.berlin.de/station.php?anzeige=g&thema=gwq&station=6097&nstoffid=10,keine,https://wasserportal.berlin.de/station.php?anzeige=i&thema=gwq&station=6097
6113,Reinickendorf,"GW-Stand, tagesaktuell + GW-Güte 3",Tertiäre GW-Leiter (GWL 4),11.06.2018,13.8,°C,https://wasserportal.berlin.de/station.php?anzeige=g&thema=gwq&station=6113&nstoffid=10,keine,https://wasserportal.berlin.de/station.php?anzeige=i&thema=gwq&station=6113
6121,Reinickendorf,GW-Stand + GW-Güte 5,Hauptgrundwasserleiter (GWL 1.3 + 2),14.11.2022,11.9,°C,https://wasserportal.berlin.de/station.php?anzeige=g&thema=gwq&station=6121&nstoffid=10,keine,https://wasserportal.berlin.de/station.php?anzeige=i&thema=gwq&station=6121
6504,Pankow,GW-Stand + GW-Güte 5,Hauptgrundwasserleiter (GWL 1.3 + 2),10.10.2022,11.9,°C,https://wasserportal.berlin.de/station.php?anzeige=g&thema=gwq&station=6504&nstoffid=10,keine,https://wasserportal.berlin.de/station.php?anzeige=i&thema=gwq&station=6504
6510,Pankow,GW-Stand + GW-Güte 5,Hauptgrundwasserleiter (GWL 1.3 + 2),02.11.2022,11.7,°C,https://wasserportal.berlin.de/station.php?anzeige=g&thema=gwq&station=6510&nstoffid=10,keine,https://wasserportal.berlin.de/station.php?anzeige=i&thema=gwq&station=6510
6511,Pankow,GW-Stand + GW-Güte 5,Tertiäre GW-Leiter (GWL 4),11.10.2022,10.8,°C,https://wasserportal.berlin.de/station.php?anzeige=g&thema=gwq&station=6511&nstoffid=10,keine,https://wasserportal.berlin.de/station.php?anzeige=i&thema=gwq&station=6511
6515,Lichtenberg,GW-Stand + GW-Güte 5,Hauptgrundwasserleiter (GWL 1.3 + 2),06.10.2022,12.1,°C,https://wasserportal.berlin.de/station.php?anzeige=g&thema=gwq&station=6515&nstoffid=10,keine,https://wasserportal.berlin.de/station.php?anzeige=i&thema=gwq&station=6515
6518,Pankow,GW-Güte 1,Weitere,11.10.2022,12.1,°C,https://wasserportal.berlin.de/station.php?anzeige=g&thema=gwq&station=6518&nstoffid=10,keine,https://wasserportal.berlin.de/station.php?anzeige=i&thema=gwq&station=6518
6520,Pankow,GW-Stand + GW-Güte 5,Weitere,02.11.2022,11.7,°C,https://wasserportal.berlin.de/station.php?anzeige=g&thema=gwq&station=6520&nstoffid=10,keine,https://wasserportal.berlin.de/station.php?anzeige=i&thema=gwq&station=6520
6522,Lichtenberg,GW-Stand + GW-Güte 5,Hauptgrundwasserleiter (GWL 1.3 + 2),10.11.2022,10.9,°C,https://wasserportal.berlin.de/station.php?anzeige=g&thema=gwq&station=6522&nstoffid=10,keine,https://wasserportal.berlin.de/station.php?anzeige=i&thema=gwq&station=6522
6533,Marzahn-Hellersdorf,"GW-Stand, tagesaktuell + GW-Güte 3",Weitere,02.07.2020,12.5,°C,https://wasserportal.berlin.de/station.php?anzeige=g&thema=gwq&station=6533&nstoffid=10,keine,https://wasserportal.berlin.de/station.php?anzeige=i&thema=gwq&station=6533
6534,Marzahn-Hellersdorf,GW-Stand + GW-Güte 5,Weitere,23.04.2019,12,°C,https://wasserportal.berlin.de/station.php?anzeige=g&thema=gwq&station=6534&nstoffid=10,keine,https://wasserportal.berlin.de/station.php?anzeige=i&thema=gwq&station=6534
6535,Marzahn-Hellersdorf,GW-Güte 1,Weitere,12.10.2022,13.2,°C,https://wasserportal.berlin.de/station.php?anzeige=g&thema=gwq&station=6535&nstoffid=10,keine,https://wasserportal.berlin.de/station.php?anzeige=i&thema=gwq&station=6535
6548,Lichtenberg,GW-Stand + GW-Güte 5,Hauptgrundwasserleiter (GWL 1.3 + 2),10.11.2022,11.4,°C,https://wasserportal.berlin.de/station.php?anzeige=g&thema=gwq&station=6548&nstoffid=10,keine,https://wasserportal.berlin.de/station.php?anzeige=i&thema=gwq&station=6548
6963,Friedrichshain-Kreuzberg,GW-Stand + GW-Güte 5,Hauptgrundwasserleiter (GWL 1.3 + 2),28.06.2022,13.7,°C,https://wasserportal.berlin.de/station.php?anzeige=g&thema=gwq&station=6963&nstoffid=10,keine,https://wasserportal.berlin.de/station.php?anzeige=i&thema=gwq&station=6963
7014,Tempelhof-Schöneberg,GW-Stand + GW-Güte 5,Hauptgrundwasserleiter (GWL 1.3 + 2),07.11.2022,12.9,°C,https://wasserportal.berlin.de/station.php?anzeige=g&thema=gwq&station=7014&nstoffid=10,keine,https://wasserportal.berlin.de/station.php?anzeige=i&thema=gwq&station=7014
7015,Tempelhof-Schöneberg,GW-Stand + GW-Güte 5,Elsterzeitl. GW-Leiter (GWL 3),07.11.2022,11.9,°C,https://wasserportal.berlin.de/station.php?anzeige=g&thema=gwq&station=7015&nstoffid=10,keine,https://wasserportal.berlin.de/station.php?anzeige=i&thema=gwq&station=7015
7018,Tempelhof-Schöneberg,GW-Stand + GW-Güte 5,Hauptgrundwasserleiter (GWL 1.3 + 2),07.11.2022,10.9,°C,https://wasserportal.berlin.de/station.php?anzeige=g&thema=gwq&station=7018&nstoffid=10,keine,https://wasserportal.berlin.de/station.php?anzeige=i&thema=gwq&station=7018
7019,Tempelhof-Schöneberg,GW-Güte 1,Elsterzeitl. GW-Leiter (GWL 3),07.11.2022,11.1,°C,https://wasserportal.berlin.de/station.php?anzeige=g&thema=gwq&station=7019&nstoffid=10,keine,https://wasserportal.berlin.de/station.php?anzeige=i&thema=gwq&station=7019
7027,Charlottenburg-Wilmersdorf,GW-Stand + GW-Güte 5,Hauptgrundwasserleiter (GWL 1.3 + 2),03.11.2022,13.9,°C,https://wasserportal.berlin.de/station.php?anzeige=g&thema=gwq&station=7027&nstoffid=10,keine,https://wasserportal.berlin.de/station.php?anzeige=i&thema=gwq&station=7027
7030,Tempelhof-Schöneberg,GW-Stand + GW-Güte 5,Tertiäre GW-Leiter (GWL 4),22.11.2022,12.2,°C,https://wasserportal.berlin.de/station.php?anzeige=g&thema=gwq&station=7030&nstoffid=10,keine,https://wasserportal.berlin.de/station.php?anzeige=i&thema=gwq&station=7030
7033,Charlottenburg-Wilmersdorf,GW-Güte 1,Hauptgrundwasserleiter (GWL 1.3 + 2),08.03.2018,11.7,°C,https://wasserportal.berlin.de/station.php?anzeige=g&thema=gwq&station=7033&nstoffid=10,keine,https://wasserportal.berlin.de/station.php?anzeige=i&thema=gwq&station=7033
7034,Charlottenburg-Wilmersdorf,GW-Güte 1,Elsterzeitl. GW-Leiter (GWL 3),08.03.2018,10.6,°C,https://wasserportal.berlin.de/station.php?anzeige=g&thema=gwq&station=7034&nstoffid=10,keine,https://wasserportal.berlin.de/station.php?anzeige=i&thema=gwq&station=7034
7035,Charlottenburg-Wilmersdorf,GW-Güte 1,Elsterzeitl. GW-Leiter (GWL 3),08.03.2018,10.7,°C,https://wasserportal.berlin.de/station.php?anzeige=g&thema=gwq&station=7035&nstoffid=10,keine,https://wasserportal.berlin.de/station.php?anzeige=i&thema=gwq&station=7035
7039,Charlottenburg-Wilmersdorf,GW-Stand + GW-Güte 5,Hauptgrundwasserleiter (GWL 1.3 + 2),05.10.2022,11.5,°C,https://wasserportal.berlin.de/station.php?anzeige=g&thema=gwq&station=7039&nstoffid=10,keine,https://wasserportal.berlin.de/station.php?anzeige=i&thema=gwq&station=7039
7042,Charlottenburg-Wilmersdorf,GW-Stand + GW-Güte 5,Elsterzeitl. GW-Leiter (GWL 3),29.11.2022,11.3,°C,https://wasserportal.berlin.de/station.php?anzeige=g&thema=gwq&station=7042&nstoffid=10,keine,https://wasserportal.berlin.de/station.php?anzeige=i&thema=gwq&station=7042
7044,Charlottenburg-Wilmersdorf,GW-Stand + GW-Güte 5,Hauptgrundwasserleiter (GWL 1.3 + 2),25.10.2022,10.6,°C,https://wasserportal.berlin.de/station.php?anzeige=g&thema=gwq&station=7044&nstoffid=10,keine,https://wasserportal.berlin.de/station.php?anzeige=i&thema=gwq&station=7044
7045,Charlottenburg-Wilmersdorf,GW-Stand + GW-Güte 5,Tertiäre GW-Leiter (GWL 4),25.10.2022,11.3,°C,https://wasserportal.berlin.de/station.php?anzeige=g&thema=gwq&station=7045&nstoffid=10,keine,https://wasserportal.berlin.de/station.php?anzeige=i&thema=gwq&station=7045
7057,Neukölln,GW-Stand + GW-Güte 5,Hauptgrundwasserleiter (GWL 1.3 + 2),26.09.2022,11,°C,https://wasserportal.berlin.de/station.php?anzeige=g&thema=gwq&station=7057&nstoffid=10,keine,https://wasserportal.berlin.de/station.php?anzeige=i&thema=gwq&station=7057
7062,Neukölln,GW-Güte 1,Hauptgrundwasserleiter (GWL 1.3 + 2),26.09.2022,11.5,°C,https://wasserportal.berlin.de/station.php?anzeige=g&thema=gwq&station=7062&nstoffid=10,keine,https://wasserportal.berlin.de/station.php?anzeige=i&thema=gwq&station=7062
7063,Neukölln,GW-Güte 1,Elsterzeitl. GW-Leiter (GWL 3),26.09.2022,11.7,°C,https://wasserportal.berlin.de/station.php?anzeige=g&thema=gwq&station=7063&nstoffid=10,keine,https://wasserportal.berlin.de/station.php?anzeige=i&thema=gwq&station=7063
7064,Neukölln,GW-Güte 1,Hauptgrundwasserleiter (GWL 1.3 + 2),26.09.2022,12.8,°C,https://wasserportal.berlin.de/station.php?anzeige=g&thema=gwq&station=7064&nstoffid=10,keine,https://wasserportal.berlin.de/station.php?anzeige=i&thema=gwq&station=7064
7072,Neukölln,GW-Güte 1,Hauptgrundwasserleiter (GWL 1.3 + 2),04.10.2022,12,°C,https://wasserportal.berlin.de/station.php?anzeige=g&thema=gwq&station=7072&nstoffid=10,keine,https://wasserportal.berlin.de/station.php?anzeige=i&thema=gwq&station=7072
7078,Neukölln,GW-Stand + GW-Güte 5,Hauptgrundwasserleiter (GWL 1.3 + 2),08.11.2022,11.9,°C,https://wasserportal.berlin.de/station.php?anzeige=g&thema=gwq&station=7078&nstoffid=10,keine,https://wasserportal.berlin.de/station.php?anzeige=i&thema=gwq&station=7078
7079,Neukölln,GW-Stand + GW-Güte 5,Elsterzeitl. GW-Leiter (GWL 3),08.11.2022,11.1,°C,https://wasserportal.berlin.de/station.php?anzeige=g&thema=gwq&station=7079&nstoffid=10,keine,https://wasserportal.berlin.de/station.php?anzeige=i&thema=gwq&station=7079
7081,Neukölln,GW-Stand + GW-Güte 5,Hauptgrundwasserleiter (GWL 1.3 + 2),05.12.2022,11.5,°C,https://wasserportal.berlin.de/station.php?anzeige=g&thema=gwq&station=7081&nstoffid=10,keine,https://wasserportal.berlin.de/station.php?anzeige=i&thema=gwq&station=7081
7084,Neukölln,GW-Stand + GW-Güte 5,Elsterzeitl. GW-Leiter (GWL 3),05.12.2022,11.8,°C,https://wasserportal.berlin.de/station.php?anzeige=g&thema=gwq&station=7084&nstoffid=10,keine,https://wasserportal.berlin.de/station.php?anzeige=i&thema=gwq&station=7084
7086,Neukölln,GW-Güte 1,Hauptgrundwasserleiter (GWL 1.3 + 2),04.10.2022,12.7,°C,https://wasserportal.berlin.de/station.php?anzeige=g&thema=gwq&station=7086&nstoffid=10,keine,https://wasserportal.berlin.de/station.php?anzeige=i&thema=gwq&station=7086
7092,Tempelhof-Schöneberg,GW-Stand + GW-Güte 5,Hauptgrundwasserleiter (GWL 1.3 + 2),05.12.2022,10.5,°C,https://wasserportal.berlin.de/station.php?anzeige=g&thema=gwq&station=7092&nstoffid=10,keine,https://wasserportal.berlin.de/station.php?anzeige=i&thema=gwq&station=7092
7098,Neukölln,GW-Stand + GW-Güte 5,Hauptgrundwasserleiter (GWL 1.3 + 2),08.11.2022,11.4,°C,https://wasserportal.berlin.de/station.php?anzeige=g&thema=gwq&station=7098&nstoffid=10,keine,https://wasserportal.berlin.de/station.php?anzeige=i&thema=gwq&station=7098
7108,Tempelhof-Schöneberg,GW-Güte 1,Hauptgrundwasserleiter (GWL 1.3 + 2),07.11.2022,12.7,°C,https://wasserportal.berlin.de/station.php?anzeige=g&thema=gwq&station=7108&nstoffid=10,keine,https://wasserportal.berlin.de/station.php?anzeige=i&thema=gwq&station=7108
7109,Tempelhof-Schöneberg,GW-Stand + GW-Güte 5,Elsterzeitl. GW-Leiter (GWL 3),07.11.2022,11.8,°C,https://wasserportal.berlin.de/station.php?anzeige=g&thema=gwq&station=7109&nstoffid=10,keine,https://wasserportal.berlin.de/station.php?anzeige=i&thema=gwq&station=7109
7111,Tempelhof-Schöneberg,GW-Stand + GW-Güte 5,Hauptgrundwasserleiter (GWL 1.3 + 2),07.11.2022,12.2,°C,https://wasserportal.berlin.de/station.php?anzeige=g&thema=gwq&station=7111&nstoffid=10,keine,https://wasserportal.berlin.de/station.php?anzeige=i&thema=gwq&station=7111
7121,Tempelhof-Schöneberg,GW-Güte 1,Hauptgrundwasserleiter (GWL 1.3 + 2),08.03.2018,11.3,°C,https://wasserportal.berlin.de/station.php?anzeige=g&thema=gwq&station=7121&nstoffid=10,keine,https://wasserportal.berlin.de/station.php?anzeige=i&thema=gwq&station=7121
7123,Tempelhof-Schöneberg,GW-Güte 1,Elsterzeitl. GW-Leiter (GWL 3),08.03.2018,11.3,°C,https://wasserportal.berlin.de/station.php?anzeige=g&thema=gwq&station=7123&nstoffid=10,keine,https://wasserportal.berlin.de/station.php?anzeige=i&thema=gwq&station=7123
7124,Tempelhof-Schöneberg,GW-Güte 1,Elsterzeitl. GW-Leiter (GWL 3),08.03.2018,12.5,°C,https://wasserportal.berlin.de/station.php?anzeige=g&thema=gwq&station=7124&nstoffid=10,keine,https://wasserportal.berlin.de/station.php?anzeige=i&thema=gwq&station=7124
7132,Tempelhof-Schöneberg,GW-Stand + GW-Güte 5,Hauptgrundwasserleiter (GWL 1.3 + 2),09.11.2022,11.7,°C,https://wasserportal.berlin.de/station.php?anzeige=g&thema=gwq&station=7132&nstoffid=10,keine,https://wasserportal.berlin.de/station.php?anzeige=i&thema=gwq&station=7132
7136,Tempelhof-Schöneberg,GW-Stand + GW-Güte 5,Hauptgrundwasserleiter (GWL 1.3 + 2),08.11.2022,10.6,°C,https://wasserportal.berlin.de/station.php?anzeige=g&thema=gwq&station=7136&nstoffid=10,keine,https://wasserportal.berlin.de/station.php?anzeige=i&thema=gwq&station=7136
7137,Tempelhof-Schöneberg,GW-Stand + GW-Güte 5,Elsterzeitl. GW-Leiter (GWL 3),08.11.2022,10.6,°C,https://wasserportal.berlin.de/station.php?anzeige=g&thema=gwq&station=7137&nstoffid=10,keine,https://wasserportal.berlin.de/station.php?anzeige=i&thema=gwq&station=7137
7144,Tempelhof-Schöneberg,GW-Stand + GW-Güte 5,Hauptgrundwasserleiter (GWL 1.3 + 2),08.11.2022,10.8,°C,https://wasserportal.berlin.de/station.php?anzeige=g&thema=gwq&station=7144&nstoffid=10,keine,https://wasserportal.berlin.de/station.php?anzeige=i&thema=gwq&station=7144
7161,Steglitz-Zehlendorf,GW-Stand + GW-Güte 5,Elsterzeitl. GW-Leiter (GWL 3),29.11.2022,11.5,°C,https://wasserportal.berlin.de/station.php?anzeige=g&thema=gwq&station=7161&nstoffid=10,keine,https://wasserportal.berlin.de/station.php?anzeige=i&thema=gwq&station=7161
7165,Steglitz-Zehlendorf,GW-Güte 1,Elsterzeitl. GW-Leiter (GWL 3),28.11.2022,10.2,°C,https://wasserportal.berlin.de/station.php?anzeige=g&thema=gwq&station=7165&nstoffid=10,keine,https://wasserportal.berlin.de/station.php?anzeige=i&thema=gwq&station=7165
7168,Steglitz-Zehlendorf,GW-Stand + GW-Güte 5,Elsterzeitl. GW-Leiter (GWL 3),28.11.2022,11.9,°C,https://wasserportal.berlin.de/station.php?anzeige=g&thema=gwq&station=7168&nstoffid=10,keine,https://wasserportal.berlin.de/station.php?anzeige=i&thema=gwq&station=7168
7171,Steglitz-Zehlendorf,GW-Stand + GW-Güte 5,Hauptgrundwasserleiter (GWL 1.3 + 2),09.11.2022,11.1,°C,https://wasserportal.berlin.de/station.php?anzeige=g&thema=gwq&station=7171&nstoffid=10,keine,https://wasserportal.berlin.de/station.php?anzeige=i&thema=gwq&station=7171
7172,Steglitz-Zehlendorf,GW-Stand + GW-Güte 5,Elsterzeitl. GW-Leiter (GWL 3),09.11.2022,11.1,°C,https://wasserportal.berlin.de/station.php?anzeige=g&thema=gwq&station=7172&nstoffid=10,keine,https://wasserportal.berlin.de/station.php?anzeige=i&thema=gwq&station=7172
7173,Steglitz-Zehlendorf,GW-Stand + GW-Güte 5,Tertiäre GW-Leiter (GWL 4),09.11.2022,12.7,°C,https://wasserportal.berlin.de/station.php?anzeige=g&thema=gwq&station=7173&nstoffid=10,keine,https://wasserportal.berlin.de/station.php?anzeige=i&thema=gwq&station=7173
7176,Steglitz-Zehlendorf,GW-Güte 1,Elsterzeitl. GW-Leiter (GWL 3),09.11.2022,12.5,°C,https://wasserportal.berlin.de/station.php?anzeige=g&thema=gwq&station=7176&nstoffid=10,keine,https://wasserportal.berlin.de/station.php?anzeige=i&thema=gwq&station=7176
7180,Steglitz-Zehlendorf,GW-Stand + GW-Güte 5,Elsterzeitl. GW-Leiter (GWL 3),09.11.2022,12.4,°C,https://wasserportal.berlin.de/station.php?anzeige=g&thema=gwq&station=7180&nstoffid=10,keine,https://wasserportal.berlin.de/station.php?anzeige=i&thema=gwq&station=7180
7195,Charlottenburg-Wilmersdorf,GW-Stand + GW-Güte 5,Hauptgrundwasserleiter (GWL 1.3 + 2),25.10.2022,10.6,°C,https://wasserportal.berlin.de/station.php?anzeige=g&thema=gwq&station=7195&nstoffid=10,keine,https://wasserportal.berlin.de/station.php?anzeige=i&thema=gwq&station=7195
7206,Steglitz-Zehlendorf,GW-Stand + GW-Güte 5,Hauptgrundwasserleiter (GWL 1.3 + 2),28.11.2022,12,°C,https://wasserportal.berlin.de/station.php?anzeige=g&thema=gwq&station=7206&nstoffid=10,keine,https://wasserportal.berlin.de/station.php?anzeige=i&thema=gwq&station=7206
7207,Steglitz-Zehlendorf,GW-Stand + GW-Güte 5,Elsterzeitl. GW-Leiter (GWL 3),28.11.2022,11.5,°C,https://wasserportal.berlin.de/station.php?anzeige=g&thema=gwq&station=7207&nstoffid=10,keine,https://wasserportal.berlin.de/station.php?anzeige=i&thema=gwq&station=7207
7209,Steglitz-Zehlendorf,GW-Güte 1,Tertiäre GW-Leiter (GWL 4),28.11.2022,11.8,°C,https://wasserportal.berlin.de/station.php?anzeige=g&thema=gwq&station=7209&nstoffid=10,keine,https://wasserportal.berlin.de/station.php?anzeige=i&thema=gwq&station=7209
7210,Steglitz-Zehlendorf,GW-Stand + GW-Güte 5,Elsterzeitl. GW-Leiter (GWL 3),28.11.2022,13,°C,https://wasserportal.berlin.de/station.php?anzeige=g&thema=gwq&station=7210&nstoffid=10,keine,https://wasserportal.berlin.de/station.php?anzeige=i&thema=gwq&station=7210
7215,Steglitz-Zehlendorf,GW-Stand + GW-Güte 5,Elsterzeitl. GW-Leiter (GWL 3),01.11.2022,11.2,°C,https://wasserportal.berlin.de/station.php?anzeige=g&thema=gwq&station=7215&nstoffid=10,keine,https://wasserportal.berlin.de/station.php?anzeige=i&thema=gwq&station=7215
7218,Steglitz-Zehlendorf,GW-Stand + GW-Güte 5,Tertiäre GW-Leiter (GWL 4),10.11.2017,12.8,°C,https://wasserportal.berlin.de/station.php?anzeige=g&thema=gwq&station=7218&nstoffid=10,keine,https://wasserportal.berlin.de/station.php?anzeige=i&thema=gwq&station=7218
7219,Steglitz-Zehlendorf,GW-Stand + GW-Güte 5,Hauptgrundwasserleiter (GWL 1.3 + 2),01.11.2022,11.9,°C,https://wasserportal.berlin.de/station.php?anzeige=g&thema=gwq&station=7219&nstoffid=10,keine,https://wasserportal.berlin.de/station.php?anzeige=i&thema=gwq&station=7219
7229,Steglitz-Zehlendorf,GW-Stand + GW-Güte 5,Elsterzeitl. GW-Leiter (GWL 3),01.11.2022,13.1,°C,https://wasserportal.berlin.de/station.php?anzeige=g&thema=gwq&station=7229&nstoffid=10,keine,https://wasserportal.berlin.de/station.php?anzeige=i&thema=gwq&station=7229
7237,Steglitz-Zehlendorf,GW-Stand + GW-Güte 5,Hauptgrundwasserleiter (GWL 1.3 + 2),05.10.2022,11,°C,https://wasserportal.berlin.de/station.php?anzeige=g&thema=gwq&station=7237&nstoffid=10,keine,https://wasserportal.berlin.de/station.php?anzeige=i&thema=gwq&station=7237
7248,Steglitz-Zehlendorf,GW-Stand + GW-Güte 5,Hauptgrundwasserleiter (GWL 1.3 + 2),05.10.2022,11,°C,https://wasserportal.berlin.de/station.php?anzeige=g&thema=gwq&station=7248&nstoffid=10,keine,https://wasserportal.berlin.de/station.php?anzeige=i&thema=gwq&station=7248
7250,Steglitz-Zehlendorf,GW-Stand + GW-Güte 5,Hauptgrundwasserleiter (GWL 1.3 + 2),29.11.2022,10.8,°C,https://wasserportal.berlin.de/station.php?anzeige=g&thema=gwq&station=7250&nstoffid=10,keine,https://wasserportal.berlin.de/station.php?anzeige=i&thema=gwq&station=7250
7255,Steglitz-Zehlendorf,GW-Stand + GW-Güte 5,Hauptgrundwasserleiter (GWL 1.3 + 2),05.10.2022,10.3,°C,https://wasserportal.berlin.de/station.php?anzeige=g&thema=gwq&station=7255&nstoffid=10,keine,https://wasserportal.berlin.de/station.php?anzeige=i&thema=gwq&station=7255
7257,Steglitz-Zehlendorf,GW-Güte 1,Elsterzeitl. GW-Leiter (GWL 3),05.10.2022,10.9,°C,https://wasserportal.berlin.de/station.php?anzeige=g&thema=gwq&station=7257&nstoffid=10,keine,https://wasserportal.berlin.de/station.php?anzeige=i&thema=gwq&station=7257
7258,Steglitz-Zehlendorf,GW-Güte 1,Elsterzeitl. GW-Leiter (GWL 3),05.10.2022,13.2,°C,https://wasserportal.berlin.de/station.php?anzeige=g&thema=gwq&station=7258&nstoffid=10,keine,https://wasserportal.berlin.de/station.php?anzeige=i&thema=gwq&station=7258
7259,Steglitz-Zehlendorf,GW-Stand + GW-Güte 5,Elsterzeitl. GW-Leiter (GWL 3),01.11.2022,11.1,°C,https://wasserportal.berlin.de/station.php?anzeige=g&thema=gwq&station=7259&nstoffid=10,keine,https://wasserportal.berlin.de/station.php?anzeige=i&thema=gwq&station=7259
7264,Steglitz-Zehlendorf,GW-Stand + GW-Güte 5,Hauptgrundwasserleiter (GWL 1.3 + 2),29.11.2022,11.2,°C,https://wasserportal.berlin.de/station.php?anzeige=g&thema=gwq&station=7264&nstoffid=10,keine,https://wasserportal.berlin.de/station.php?anzeige=i&thema=gwq&station=7264
7268,Steglitz-Zehlendorf,GW-Güte 1,Elsterzeitl. GW-Leiter (GWL 3),01.11.2022,11.3,°C,https://wasserportal.berlin.de/station.php?anzeige=g&thema=gwq&station=7268&nstoffid=10,keine,https://wasserportal.berlin.de/station.php?anzeige=i&thema=gwq&station=7268
7285,Steglitz-Zehlendorf,GW-Güte 1,Hauptgrundwasserleiter (GWL 1.3 + 2),27.10.2022,10.3,°C,https://wasserportal.berlin.de/station.php?anzeige=g&thema=gwq&station=7285&nstoffid=10,keine,https://wasserportal.berlin.de/station.php?anzeige=i&thema=gwq&station=7285
7286,Steglitz-Zehlendorf,GW-Stand + GW-Güte 5,Hauptgrundwasserleiter (GWL 1.3 + 2),27.10.2022,10.4,°C,https://wasserportal.berlin.de/station.php?anzeige=g&thema=gwq&station=7286&nstoffid=10,keine,https://wasserportal.berlin.de/station.php?anzeige=i&thema=gwq&station=7286
7290,Steglitz-Zehlendorf,GW-Stand + GW-Güte 5,Hauptgrundwasserleiter (GWL 1.3 + 2),27.10.2022,10.1,°C,https://wasserportal.berlin.de/station.php?anzeige=g&thema=gwq&station=7290&nstoffid=10,keine,https://wasserportal.berlin.de/station.php?anzeige=i&thema=gwq&station=7290
7291,Steglitz-Zehlendorf,GW-Stand + GW-Güte 5,Hauptgrundwasserleiter (GWL 1.3 + 2),27.10.2022,10.2,°C,https://wasserportal.berlin.de/station.php?anzeige=g&thema=gwq&station=7291&nstoffid=10,keine,https://wasserportal.berlin.de/station.php?anzeige=i&thema=gwq&station=7291
7292,Steglitz-Zehlendorf,GW-Stand + GW-Güte 5,Hauptgrundwasserleiter (GWL 1.3 + 2),25.10.2022,12.5,°C,https://wasserportal.berlin.de/station.php?anzeige=g&thema=gwq&station=7292&nstoffid=10,keine,https://wasserportal.berlin.de/station.php?anzeige=i&thema=gwq&station=7292
7295,Steglitz-Zehlendorf,GW-Stand + GW-Güte 5,Elsterzeitl. GW-Leiter (GWL 3),25.10.2022,11.8,°C,https://wasserportal.berlin.de/station.php?anzeige=g&thema=gwq&station=7295&nstoffid=10,keine,https://wasserportal.berlin.de/station.php?anzeige=i&thema=gwq&station=7295
7298,Steglitz-Zehlendorf,GW-Güte 1,Hauptgrundwasserleiter (GWL 1.3 + 2),27.10.2022,10.8,°C,https://wasserportal.berlin.de/station.php?anzeige=g&thema=gwq&station=7298&nstoffid=10,keine,https://wasserportal.berlin.de/station.php?anzeige=i&thema=gwq&station=7298
7301,Steglitz-Zehlendorf,GW-Stand + GW-Güte 5,Hauptgrundwasserleiter (GWL 1.3 + 2),27.10.2022,11.5,°C,https://wasserportal.berlin.de/station.php?anzeige=g&thema=gwq&station=7301&nstoffid=10,keine,https://wasserportal.berlin.de/station.php?anzeige=i&thema=gwq&station=7301
8469,Friedrichshain-Kreuzberg,"GW-Stand, tagesaktuell + GW-Güte 3",Hauptgrundwasserleiter (GWL 1.3 + 2),30.11.2022,12.6,°C,https://wasserportal.berlin.de/station.php?anzeige=g&thema=gwq&station=8469&nstoffid=10,keine,https://wasserportal.berlin.de/station.php?anzeige=i&thema=gwq&station=8469
8472,Mitte,GW-Stand + GW-Güte 5,Hauptgrundwasserleiter (GWL 1.3 + 2),30.11.2022,16,°C,https://wasserportal.berlin.de/station.php?anzeige=g&thema=gwq&station=8472&nstoffid=10,keine,https://wasserportal.berlin.de/station.php?anzeige=i&thema=gwq&station=8472
8481,Mitte,GW-Stand + GW-Güte 5,Hauptgrundwasserleiter (GWL 1.3 + 2),06.12.2022,15.1,°C,https://wasserportal.berlin.de/station.php?anzeige=g&thema=gwq&station=8481&nstoffid=10,keine,https://wasserportal.berlin.de/station.php?anzeige=i&thema=gwq&station=8481
8949,Mitte,GW-Stand + GW-Güte 5,Hauptgrundwasserleiter (GWL 1.3 + 2),03.04.2017,14.9,°C,https://wasserportal.berlin.de/station.php?anzeige=g&thema=gwq&station=8949&nstoffid=10,keine,https://wasserportal.berlin.de/station.php?anzeige=i&thema=gwq&station=8949
8950,Mitte,GW-Stand + GW-Güte 5,Hauptgrundwasserleiter (GWL 1.3 + 2),30.11.2022,14,°C,https://wasserportal.berlin.de/station.php?anzeige=g&thema=gwq&station=8950&nstoffid=10,keine,https://wasserportal.berlin.de/station.php?anzeige=i&thema=gwq&station=8950
8957,Mitte,GW-Güte 1,Hauptgrundwasserleiter (GWL 1.3 + 2),13.04.2015,15.8,°C,https://wasserportal.berlin.de/station.php?anzeige=g&thema=gwq&station=8957&nstoffid=10,keine,https://wasserportal.berlin.de/station.php?anzeige=i&thema=gwq&station=8957
8964,Treptow-Köpenick,GW-Stand + GW-Güte 5,Hauptgrundwasserleiter (GWL 1.3 + 2),26.10.2022,11,°C,https://wasserportal.berlin.de/station.php?anzeige=g&thema=gwq&station=8964&nstoffid=10,keine,https://wasserportal.berlin.de/station.php?anzeige=i&thema=gwq&station=8964
9092,Mitte,GW-Stand + GW-Güte 5,Hauptgrundwasserleiter (GWL 1.3 + 2),27.09.2017,14.1,°C,https://wasserportal.berlin.de/station.php?anzeige=g&thema=gwq&station=9092&nstoffid=10,keine,https://wasserportal.berlin.de/station.php?anzeige=i&thema=gwq&station=9092
9401,Treptow-Köpenick,GW-Stand + GW-Güte 5,Hauptgrundwasserleiter (GWL 1.3 + 2),29.09.2022,13.6,°C,https://wasserportal.berlin.de/station.php?anzeige=g&thema=gwq&station=9401&nstoffid=10,keine,https://wasserportal.berlin.de/station.php?anzeige=i&thema=gwq&station=9401
10421,Treptow-Köpenick,"GW-Stand, tagesaktuell + GW-Güte 3",Hauptgrundwasserleiter (GWL 1.3 + 2),26.10.2022,11.1,°C,https://wasserportal.berlin.de/station.php?anzeige=g&thema=gwq&station=10421&nstoffid=10,keine,https://wasserportal.berlin.de/station.php?anzeige=i&thema=gwq&station=10421
10790,Treptow-Köpenick,GW-Güte 1,Hauptgrundwasserleiter (GWL 1.3 + 2),29.09.2022,11.1,°C,https://wasserportal.berlin.de/station.php?anzeige=g&thema=gwq&station=10790&nstoffid=10,keine,https://wasserportal.berlin.de/station.php?anzeige=i&thema=gwq&station=10790
15000,Pankow,GW-Güte 1,Panketalgrundwasserleiter (GWL 1.2),10.10.2022,11.4,°C,https://wasserportal.berlin.de/station.php?anzeige=g&thema=gwq&station=15000&nstoffid=10,keine,https://wasserportal.berlin.de/station.php?anzeige=i&thema=gwq&station=15000
15001,Pankow,GW-Stand + GW-Güte 5,Hauptgrundwasserleiter (GWL 1.3 + 2),11.10.2022,11.3,°C,https://wasserportal.berlin.de/station.php?anzeige=g&thema=gwq&station=15001&nstoffid=10,keine,https://wasserportal.berlin.de/station.php?anzeige=i&thema=gwq&station=15001
15049,Lichtenberg,GW-Stand + GW-Güte 5,Hauptgrundwasserleiter (GWL 1.3 + 2),16.11.2022,12.2,°C,https://wasserportal.berlin.de/station.php?anzeige=g&thema=gwq&station=15049&nstoffid=10,keine,https://wasserportal.berlin.de/station.php?anzeige=i&thema=gwq&station=15049
15065,Treptow-Köpenick,GW-Stand + GW-Güte 5,Hauptgrundwasserleiter (GWL 1.3 + 2),26.10.2022,11.2,°C,https://wasserportal.berlin.de/station.php?anzeige=g&thema=gwq&station=15065&nstoffid=10,keine,https://wasserportal.berlin.de/station.php?anzeige=i&thema=gwq&station=15065
15101,Lichtenberg,"GW-Stand, tagesaktuell + GW-Güte 3",Hauptgrundwasserleiter (GWL 1.3 + 2),16.11.2022,11.7,°C,https://wasserportal.berlin.de/station.php?anzeige=g&thema=gwq&station=15101&nstoffid=10,keine,https://wasserportal.berlin.de/station.php?anzeige=i&thema=gwq&station=15101
15109,Lichtenberg,GW-Güte 1,Hauptgrundwasserleiter (GWL 1.3 + 2),16.11.2022,11.6,°C,https://wasserportal.berlin.de/station.php?anzeige=g&thema=gwq&station=15109&nstoffid=10,keine,https://wasserportal.berlin.de/station.php?anzeige=i&thema=gwq&station=15109
15147,Treptow-Köpenick,GW-Stand + GW-Güte 5,Hauptgrundwasserleiter (GWL 1.3 + 2),04.10.2022,12.8,°C,https://wasserportal.berlin.de/station.php?anzeige=g&thema=gwq&station=15147&nstoffid=10,keine,https://wasserportal.berlin.de/station.php?anzeige=i&thema=gwq&station=15147
15150,Pankow,GW-Stand + GW-Güte 5,Hauptgrundwasserleiter (GWL 1.3 + 2),23.11.2022,11,°C,https://wasserportal.berlin.de/station.php?anzeige=g&thema=gwq&station=15150&nstoffid=10,keine,https://wasserportal.berlin.de/station.php?anzeige=i&thema=gwq&station=15150
15152,Treptow-Köpenick,GW-Stand + GW-Güte 5,Hauptgrundwasserleiter (GWL 1.3 + 2),26.10.2022,10.8,°C,https://wasserportal.berlin.de/station.php?anzeige=g&thema=gwq&station=15152&nstoffid=10,keine,https://wasserportal.berlin.de/station.php?anzeige=i&thema=gwq&station=15152
15153,Treptow-Köpenick,GW-Stand + GW-Güte 5,Elsterzeitl. GW-Leiter (GWL 3),26.10.2022,11,°C,https://wasserportal.berlin.de/station.php?anzeige=g&thema=gwq&station=15153&nstoffid=10,keine,https://wasserportal.berlin.de/station.php?anzeige=i&thema=gwq&station=15153
15156,Pankow,GW-Stand + GW-Güte 5,Panketalgrundwasserleiter (GWL 1.2),10.10.2022,11,°C,https://wasserportal.berlin.de/station.php?anzeige=g&thema=gwq&station=15156&nstoffid=10,keine,https://wasserportal.berlin.de/station.php?anzeige=i&thema=gwq&station=15156
15160,Treptow-Köpenick,"GW-Stand, tagesaktuell + GW-Güte 3",Elsterzeitl. GW-Leiter (GWL 3),24.10.2018,11.2,°C,https://wasserportal.berlin.de/station.php?anzeige=g&thema=gwq&station=15160&nstoffid=10,keine,https://wasserportal.berlin.de/station.php?anzeige=i&thema=gwq&station=15160
15162,Treptow-Köpenick,"GW-Stand, tagesaktuell + GW-Güte 3",Elsterzeitl. GW-Leiter (GWL 3),24.10.2018,11.7,°C,https://wasserportal.berlin.de/station.php?anzeige=g&thema=gwq&station=15162&nstoffid=10,keine,https://wasserportal.berlin.de/station.php?anzeige=i&thema=gwq&station=15162
15163,Treptow-Köpenick,"GW-Stand, tagesaktuell + GW-Güte 3",Hauptgrundwasserleiter (GWL 1.3 + 2),26.10.2022,10.3,°C,https://wasserportal.berlin.de/station.php?anzeige=g&thema=gwq&station=15163&nstoffid=10,keine,https://wasserportal.berlin.de/station.php?anzeige=i&thema=gwq&station=15163
15174,Treptow-Köpenick,GW-Stand + GW-Güte 5,Hauptgrundwasserleiter (GWL 1.3 + 2),07.10.2019,14.8,°C,https://wasserportal.berlin.de/station.php?anzeige=g&thema=gwq&station=15174&nstoffid=10,keine,https://wasserportal.berlin.de/station.php?anzeige=i&thema=gwq&station=15174
17303,Treptow-Köpenick,GW-Stand + GW-Güte 5,Hauptgrundwasserleiter (GWL 1.3 + 2),29.09.2022,10.5,°C,https://wasserportal.berlin.de/station.php?anzeige=g&thema=gwq&station=17303&nstoffid=10,keine,https://wasserportal.berlin.de/station.php?anzeige=i&thema=gwq&station=17303
17304,Treptow-Köpenick,GW-Stand + GW-Güte 5,Hauptgrundwasserleiter (GWL 1.3 + 2),29.09.2022,10.6,°C,https://wasserportal.berlin.de/station.php?anzeige=g&thema=gwq&station=17304&nstoffid=10,keine,https://wasserportal.berlin.de/station.php?anzeige=i&thema=gwq&station=17304
17306,Lichtenberg,GW-Stand + GW-Güte 5,Hauptgrundwasserleiter (GWL 1.3 + 2),10.10.2022,10.3,°C,https://wasserportal.berlin.de/station.php?anzeige=g&thema=gwq&station=17306&nstoffid=10,keine,https://wasserportal.berlin.de/station.php?anzeige=i&thema=gwq&station=17306
17309,Friedrichshain-Kreuzberg,GW-Güte 1,Hauptgrundwasserleiter (GWL 1.3 + 2),26.09.2022,13,°C,https://wasserportal.berlin.de/station.php?anzeige=g&thema=gwq&station=17309&nstoffid=10,keine,https://wasserportal.berlin.de/station.php?anzeige=i&thema=gwq&station=17309
23701,Pankow,GW-Stand + GW-Güte 5,Hauptgrundwasserleiter (GWL 1.3 + 2),11.10.2022,11.4,°C,https://wasserportal.berlin.de/station.php?anzeige=g&thema=gwq&station=23701&nstoffid=10,keine,https://wasserportal.berlin.de/station.php?anzeige=i&thema=gwq&station=23701
23703,Pankow,GW-Stand + GW-Güte 5,Panketalgrundwasserleiter (GWL 1.2),18.07.2018,9.7,°C,https://wasserportal.berlin.de/station.php?anzeige=g&thema=gwq&station=23703&nstoffid=10,keine,https://wasserportal.berlin.de/station.php?anzeige=i&thema=gwq&station=23703
23704,Pankow,GW-Stand + GW-Güte 5,Hauptgrundwasserleiter (GWL 1.3 + 2),18.07.2018,10.6,°C,https://wasserportal.berlin.de/station.php?anzeige=g&thema=gwq&station=23704&nstoffid=10,keine,https://wasserportal.berlin.de/station.php?anzeige=i&thema=gwq&station=23704
23750,Pankow,GW-Stand + GW-Güte 5,Panketalgrundwasserleiter (GWL 1.2),01.12.2022,12.7,°C,https://wasserportal.berlin.de/station.php?anzeige=g&thema=gwq&station=23750&nstoffid=10,keine,https://wasserportal.berlin.de/station.php?anzeige=i&thema=gwq&station=23750
95580,Marzahn-Hellersdorf,GW-Stand + GW-Güte 5,Hauptgrundwasserleiter (GWL 1.3 + 2),12.10.2022,11,°C,https://wasserportal.berlin.de/station.php?anzeige=g&thema=gwq&station=95580&nstoffid=10,keine,https://wasserportal.berlin.de/station.php?anzeige=i&thema=gwq&station=95580
97766,Mitte,GW-Stand + GW-Güte 5,Hauptgrundwasserleiter (GWL 1.3 + 2),30.11.2022,13.9,°C,https://wasserportal.berlin.de/station.php?anzeige=g&thema=gwq&station=97766&nstoffid=10,keine,https://wasserportal.berlin.de/station.php?anzeige=i&thema=gwq&station=97766
97894,Pankow,GW-Stand + GW-Güte 5,Hauptgrundwasserleiter (GWL 1.3 + 2),18.07.2018,10.5,°C,https://wasserportal.berlin.de/station.php?anzeige=g&thema=gwq&station=97894&nstoffid=10,keine,https://wasserportal.berlin.de/station.php?anzeige=i&thema=gwq&station=97894
